{
  "IsEncrypted": false,
  "Values": {
    "WEBSITE_SLOT_NAME": "Production",
    "FUNCTIONS_EXTENSION_VERSION": "~4",
    "ScmType": "None",
    "WEBSITE_AUTH_ENABLED": "False",
    "APPLICATIONINSIGHTS_CONNECTION_STRING": "InstrumentationKey=cab2724a-5c3e-4216-a01f-01ab0807be98;IngestionEndpoint=https://centralindia-0.in.applicationinsights.azure.com/",
    "APPINSIGHTS_INSTRUMENTATIONKEY": "cab2724a-5c3e-4216-a01f-01ab0807be98",
    "WEBSITE_CONTENTAZUREFILECONNECTIONSTRING": "DefaultEndpointsProtocol=https;AccountName=storageaccountprj1ba9a;AccountKey=MiV5ciWh/5nSB1S4tIxav8HsnpxMhqVfI8XR0vn6AquzFMSM723UfQF/+UII+PtoXnUP8D2XFPv9tNgmX34GqA==;EndpointSuffix=core.windows.net",
    "WEBSITE_CONTENTSHARE": "xyzc97fb",
    "FUNCTIONS_WORKER_RUNTIME": "powershell",
    "WEBSITE_SITE_NAME": "xyzc",
    "AzureWebJobsStorage": "DefaultEndpointsProtocol=https;AccountName=storageaccountprj1ba9a;AccountKey=MiV5ciWh/5nSB1S4tIxav8HsnpxMhqVfI8XR0vn6AquzFMSM723UfQF/+UII+PtoXnUP8D2XFPv9tNgmX34GqA==;EndpointSuffix=core.windows.net"
  }
}